Kong Yibo,47,Female,11311024,America,15038403217,Director
Steven Edwards,38,Male,12211522,America,15673757797,Supply Staff
Jiang Shengxiang,40,Male,12012116,America,15639234045,Supply Staff
Yang Penglong,48,Male,11210418,America,18690429590,Supply Staff
Al Evans,41,Male,11910017,America,15639548357,Supply Staff
Xu Shiyun,49,Female,11110325,America,13990824090,Supply Staff
Gene Jackson,41,Male,11911118,America,18658431890,Supply Staff
Tao Yibo,38,Female,12210416,America,13866742389,Supply Staff
Chen Yueqi,45,Male,11512800,America,15696096714,Supply Staff
Xu Zhuyu,44,Male,11610802,America,18903294883,Supply Staff
You Taian,47,Male,11310827,America,18936275779,Supply Staff
Hua Yizhen,48,Female,11210921,America,18687747201,Supply Staff
Sylvia Smith,38,Female,12210311,America,13808932915,Supply Staff
Jing Xiaotian,44,Female,11611905,America,18993374707,Supply Staff
Anita Hall,42,Female,11810107,America,15682226940,Supply Staff
Zou Linshan,39,Male,12111022,America,13809404711,Supply Staff
Audrey Evans,47,Female,11310324,America,13867209171,Supply Staff
Carl Roberts,45,Male,11512914,America,13959111644,Supply Staff
Christian White,44,Male,11611101,America,13957306066,Supply Staff
Shen Yangchen,46,Male,11410600,America,13830653355,Supply Staff
Jing Zhidie,39,Female,12110806,America,18928273520,Supply Staff
Zhou Yanbai,40,Female,12012818,America,13835332483,Supply Staff
Hua Cailing,43,Female,11710900,America,13836235059,Supply Staff
Rebecca Davies,46,Female,11410826,America,18695296614,Supply Staff
Shi Ningtao,40,Female,12011924,America,18962441154,Supply Staff
Chen Jiabin,46,Male,11410308,America,15052390956,Salesman
Zhou Qimei,46,Female,11411124,America,18932304528,Salesman
Dottie Walker,43,Female,11710029,America,18957621651,Salesman
Miriam Evans,47,Female,11311817,America,15609201594,Salesman
Alistair Smith,40,Male,12011919,America,18957760110,Salesman
Zhang Runyi,41,Male,11910127,America,18601703786,Salesman
Richard Edwards,43,Male,11710209,America,13815125118,Salesman
Corinna Smith,38,Female,12210120,America,18958346054,Salesman
Ronnie Jackson,39,Male,12110528,America,13870626048,Salesman
Patience Robinson,45,Female,11510409,America,18693605151,Salesman
You Ruoke,44,Male,11612314,America,13940007283,Salesman
Wei Ruichen,47,Male,11310514,America,13959351161,Salesman
Wang Qimei,49,Female,11111727,America,13860021464,Salesman
Rosalie Evans,48,Female,11212621,America,13889409221,Salesman
Dou Yansen,48,Male,11210925,America,18909134675,Salesman
Zheng Zibin,42,Male,11810907,America,13818250928,Salesman
Vicky Hall,48,Female,11210010,America,13957748858,Salesman
Han Changfei,47,Male,11310719,America,13986084233,Salesman
Bernadette Wright,42,Female,11811911,America,13829691837,Salesman
Wu Fanrui,41,Male,11910524,America,13910481219,Salesman
Shui Rusi,46,Female,11410708,America,13979147586,Salesman
Xu Jiashu,40,Male,12010216,America,15683516519,Salesman
Qian Yuyang,38,Female,12211322,America,18917509086,Salesman
Zhang Yilv,39,Female,12111907,America,18631655364,Salesman
Miranda Roberts,38,Female,12212915,America,18939713565,Salesman
Yang Zhengkai,38,Male,12210019,America,18974863624,Salesman
Florrie Williams,38,Female,12212007,America,15091345681,Salesman
Ted Taylor,43,Male,11710818,America,15622407318,Salesman
Stan Thompson,39,Male,12111112,America,18987756675,Salesman
Li Jingwen,38,Male,12211405,America,13968175165,Salesman
Deirdre Evans,48,Female,11211217,America,15033852161,Salesman
Cherry Lewis,41,Female,11912303,America,13988771717,Salesman
Tao Hanfeng,44,Female,11612811,America,15609768742,Salesman
Sun Wenyan,46,Female,11412417,America,18663855859,Salesman
Allson Edwards,38,Female,12210508,America,15680720535,Salesman
Liu Jinquan,46,Male,11410326,America,18687089220,Salesman
Robby Jackson,38,Male,12210524,America,15606709103,Salesman
Lucy Hall,39,Female,12112210,America,13884091597,Salesman
Cao Chuling,44,Female,11611606,America,13910040719,Salesman
Benjamin Green,39,Male,12112001,America,15691335568,Salesman
Zhang Miaorui,44,Male,11610903,America,18672794124,Salesman
Han Siyu,38,Male,12211817,America,15697295343,Salesman
Otto Thomas,41,Male,11912919,America,15074427557,Salesman
Zhou Lewen,39,Male,12110502,America,13987398085,Salesman
Chen Hanfeng,43,Female,11711517,America,13852281965,Salesman
Florence Lewis,42,Female,11812209,America,18638300869,Salesman
Chu Yiqing,41,Female,11911902,America,13880989505,Salesman
Wu Fanrui,46,Male,11410806,America,13952606129,Salesman
Marilyn Harris,49,Female,11112918,America,15648043188,Salesman
Ray Green,40,Male,12011019,America,18952408498,Salesman
Kong Chengjun,44,Male,11611223,America,13963900648,Salesman
Ivan Harris,39,Male,12110325,America,13991194384,Salesman
Scott Hall,46,Male,11411005,America,13902218906,Salesman
Lv Shunhang,48,Male,11212217,America,18986869520,Salesman
Zou Jingye,41,Male,11910106,America,18631626712,Salesman
Zhou Canqi,41,Male,11912729,America,15012145938,Salesman
Florence Walker,47,Female,11312922,America,18654131115,Salesman
Nicole Taylor,48,Female,11211510,America,15605395407,Salesman
Lenny Jackson,49,Male,11111605,America,13941316848,Salesman
David Jackson,41,Male,11911227,America,15663811232,Salesman
Zhu Fanyan,43,Female,11712216,America,18943927144,Salesman
Tao Ercui,39,Female,12111202,America,13855084716,Salesman
Zhou Hanan,45,Female,11511318,America,13876958194,Salesman
Kong Ningbai,38,Female,12211404,America,15036461258,Salesman
Qing Pingning,38,Female,12212516,America,15036759293,Salesman
Yan Yuanxiang,44,Male,11610809,America,15057827326,Salesman
Lv Jingwei,45,Male,11510407,America,18930958702,Salesman
Shi Congde,47,Male,11311011,America,18907982518,Salesman
Zheng Lvping,43,Female,11712901,America,15668995243,Salesman
He Ruixun,48,Male,11212015,America,13864072467,Salesman
Florence Johnson,45,Female,11511403,America,13953574065,Salesman
Jiang Fanrui,46,Male,11412215,America,13930330234,Salesman
Wu Xiangchen,45,Male,11510914,America,18662243923,Salesman
Qi Gulian,43,Female,11712400,America,13855733112,Salesman
Jiang Zhenming,39,Male,12112622,America,13911532865,Salesman
Xu Honglin,49,Male,11111703,America,13902792173,Salesman
Jiang Weian,49,Male,11110209,America,13898155043,Salesman
Zhao Rongchun,46,Male,11410306,America,15074922863,Salesman
Xu Yishan,44,Male,11612829,America,15045884000,Salesman
Uerica Hall,40,Female,12011701,America,15606761479,Salesman
Archibald Thompson,48,Male,11210008,America,15003945587,Contracts Manager
Li Lewen,44,Male,11611225,America,13800724495,Contracts Manager
Chu Runyi,46,Male,11410122,America,18665857267,Contracts Manager
Zhou Manrui,44,Male,11610317,America,13934970262,Contracts Manager
Feng Hendong,43,Female,11712421,America,13993818952,Contracts Manager
You Boran,43,Male,11711218,America,13963049796,Contracts Manager
Yan Rongchun,47,Male,11310908,America,13844681925,Contracts Manager
Zhu Zicheng,46,Male,11412313,America,13832687921,Contracts Manager
Feng Lewen,44,Male,11611122,America,15001256579,Contracts Manager
Xu Nuobo,46,Male,11410007,America,18691284519,Contracts Manager
Gracie Davies,40,Female,12010605,America,13890402716,Contracts Manager
Han Leqiao,38,Female,12212110,America,15041556592,Contracts Manager
Faustina Hall,46,Female,11412900,America,15660705495,Contracts Manager
Allson White,43,Female,11710218,America,15623346768,Contracts Manager
Zhu Rufeng,47,Female,11311510,America,15010716872,Contracts Manager
Zou Xiaorou,43,Female,11711209,America,18627930507,Contracts Manager
Shen Mengchao,43,Male,11712520,America,13848720803,Contracts Manager
Bai Ningzhen,45,Female,11512213,America,13817326705,Contracts Manager
Jing Ziyan,42,Male,11812908,America,15688018946,Contracts Manager
Lv Ruoke,39,Male,12111718,America,13949123975,Contracts Manager
You Xiangxing,42,Male,11812905,Eastern China,13924787705,Director
Xie Jiashuai,47,Male,11310409,Eastern China,13831725621,Supply Staff
Samuel Johnson,48,Male,11210622,Eastern China,15636249914,Supply Staff
Xu Yixian,44,Male,11612909,Eastern China,13935911937,Supply Staff
Bernie Smith,44,Male,11612024,Eastern China,13970817292,Supply Staff
Yang Jingwen,41,Male,11912109,Eastern China,18946575272,Supply Staff
Di Hall,44,Female,11611609,Eastern China,13863451067,Supply Staff
Agnes Roberts,45,Female,11510305,Eastern China,18601984515,Supply Staff
Bai Jingping,43,Female,11711304,Eastern China,18603683635,Supply Staff
Caesar Roberts,48,Male,11210026,Eastern China,15051773106,Supply Staff
Karen Taylor,38,Female,12210703,Eastern China,13876720290,Supply Staff
Frankie Wright,40,Male,12010225,Eastern China,13944468545,Supply Staff
He Qizhen,42,Female,11811901,Eastern China,13961013521,Supply Staff
Wei Maoan,41,Male,11912623,Eastern China,18907614854,Supply Staff
Dustin Clarke,44,Male,11610927,Eastern China,13833246195,Supply Staff
Jing Muhua,38,Male,12211621,Eastern China,15023695830,Supply Staff
Undine Taylor,45,Female,11512115,Eastern China,18959715598,Supply Staff
Sun Nianlan,44,Female,11612806,Eastern China,15652032545,Supply Staff
Jackie Thomas,48,Female,11211620,Eastern China,15039530124,Supply Staff
Fidelia Wilson,40,Female,12012421,Eastern China,13909407406,Supply Staff
Phoebe Smith,41,Female,11911120,Eastern China,18912328850,Supply Staff
You Xiangxing,45,Male,11511710,Eastern China,13848331704,Supply Staff
Li Rufeng,45,Female,11512206,Eastern China,13916883945,Supply Staff
Theo White,45,Male,11510326,Eastern China,13986643179,Supply Staff
Theodoric Hughes,48,Male,11211016,Eastern China,13863625889,Supply Staff
Dermot Lewis,49,Male,11112504,Eastern China,15602715703,Salesman
Martina Patel,44,Female,11611508,Eastern China,15636960302,Salesman
Shui Zuirou,38,Female,12210519,Eastern China,18687389223,Salesman
Zhu Wenlu,38,Male,12211417,Eastern China,18687277158,Salesman
Yu Shanwei,44,Female,11612514,Eastern China,13909788477,Salesman
Marshall Roberts,45,Male,11511825,Eastern China,15078634397,Salesman
Wei Shiyi,47,Male,11311313,Eastern China,13886365952,Salesman
Lucinda Harris,47,Female,11310020,Eastern China,13834613733,Salesman
Dou Youqing,44,Female,11612519,Eastern China,18695976535,Salesman
Feng Ziyu,39,Male,12110824,Eastern China,18660093847,Salesman
Dottie Thomas,39,Female,12110129,Eastern China,15085452010,Salesman
Bernadette Wilson,41,Female,11911729,Eastern China,18961189437,Salesman
Wu Mimei,46,Female,11411829,Eastern China,13942881431,Salesman
Marcia Hall,39,Female,12112122,Eastern China,15069566546,Salesman
Enos White,45,Male,11511922,Eastern China,18638799648,Salesman
Zou Youling,40,Female,12011525,Eastern China,18988482692,Salesman
Liu Shiyi,49,Male,11112324,Eastern China,18698191833,Salesman
Hal Taylor,41,Male,11912318,Eastern China,18999505149,Salesman
Jiang Boran,43,Male,11712501,Eastern China,13941181346,Salesman
Sun Haoyan,41,Male,11912616,Eastern China,18610065255,Salesman
Shi Tianlan,38,Female,12211415,Eastern China,15064950347,Salesman
Qing Chumei,47,Female,11310711,Eastern China,13830026419,Salesman
Victor Lewis,46,Male,11410502,Eastern China,18937004621,Salesman
Wang Nuobo,49,Male,11112126,Eastern China,18986871484,Salesman
Qing Jingping,42,Female,11810008,Eastern China,13829205071,Salesman
Wang Qiuyan,45,Female,11512823,Eastern China,15035025121,Salesman
Eva Harris,49,Female,11112415,Eastern China,18964807274,Salesman
Dora Thompson,40,Female,12012028,Eastern China,15693789626,Salesman
Zou Zhidie,44,Female,11611117,Eastern China,15008520109,Salesman
Yang Bisong,48,Female,11212212,Eastern China,15660871829,Salesman
Craig Jackson,47,Male,11312723,Eastern China,15643684197,Salesman
Tao Shuxuan,49,Female,11111424,Eastern China,15085116120,Salesman
Mary Edwards,44,Female,11610902,Eastern China,18654024091,Salesman
Zhou Shishan,45,Female,11511413,Eastern China,13805315084,Salesman
Vincent Roberts,45,Male,11511423,Eastern China,18656005147,Salesman
Miranda Williams,38,Female,12210427,Eastern China,18614818998,Salesman
Zou Youyi,39,Female,12111519,Eastern China,18603455227,Salesman
Liu Mengbai,38,Female,12212112,Eastern China,18644263375,Salesman
Feng Erhan,47,Female,11311524,Eastern China,15611561542,Salesman
Han Hengran,46,Male,11411320,Eastern China,15017659962,Salesman
Urania Walker,46,Female,11411612,Eastern China,15068229490,Salesman
Jiang Yingzhi,42,Female,11811718,Eastern China,13872012534,Salesman
Yu Xuelu,45,Female,11510013,Eastern China,13930284659,Salesman
Yu Kaiyu,45,Male,11510826,Eastern China,13982873533,Salesman
Yang Congde,39,Male,12111621,Eastern China,13990246914,Salesman
Qi Yishan,39,Male,12110728,Eastern China,18606430869,Salesman
Han Chenjia,42,Male,11811626,Eastern China,18937643936,Salesman
Lv Yinghui,44,Female,11611816,Eastern China,15671567687,Salesman
Zhou Yishuang,48,Female,11212719,Eastern China,15061565341,Salesman
Richard Roberts,45,Male,11512522,Eastern China,13950813597,Salesman
Hortensia Jackson,45,Female,11511000,Eastern China,15698891214,Salesman
Zhang Zhaoyu,49,Male,11111311,Eastern China,13998207774,Salesman
Olympia Thomas,41,Female,11911627,Eastern China,13912901670,Salesman
Jiang Yuqiao,46,Female,11411917,Eastern China,15045639100,Salesman
Maria Harris,39,Female,12111107,Eastern China,18671435981,Salesman
Yan Shumeng,38,Female,12210614,Eastern China,15660589740,Salesman
Wei Mufeng,45,Male,11510105,Eastern China,18698244030,Salesman
Xie Yishuang,40,Female,12011728,Eastern China,15681759413,Salesman
Wang Hanhui,44,Female,11612220,Eastern China,18653785415,Salesman
Betty Davies,39,Female,12111828,Eastern China,13950195338,Salesman
Frank Jackson,47,Male,11310103,Eastern China,13816321884,Salesman
He Hanwu,39,Male,12112619,Eastern China,13805699635,Salesman
Shui Mengbai,49,Female,11111801,Eastern China,18966070898,Salesman
Andrew Johnson,44,Male,11610803,Eastern China,13909231636,Salesman
Fran Thompson,41,Female,11911112,Eastern China,15600681584,Salesman
Toni Clarke,47,Female,11310927,Eastern China,15073675791,Salesman
Chu Linchuan,47,Male,11311115,Eastern China,15080256415,Salesman
Avis Roberts,46,Female,11411901,Eastern China,15005657290,Salesman
Lisa Smith,48,Female,11211002,Eastern China,18924197525,Salesman
He Yunshuo,43,Male,11712016,Eastern China,15676339540,Salesman
Joanne Jones,45,Female,11511213,Eastern China,18658136807,Salesman
Zheng Bochang,38,Male,12211105,Eastern China,13972571291,Salesman
Judith Edwards,48,Female,11211527,Eastern China,15025870700,Salesman
Flora Thomas,46,Female,11411019,Eastern China,13802785616,Salesman
Qian Yiyu,41,Female,11912900,Eastern China,15064462930,Salesman
Hilda Clarke,43,Female,11711214,Eastern China,15689457853,Salesman
Sun Hanxuan,39,Female,12112329,Eastern China,18644716340,Salesman
Julian Clarke,42,Male,11810021,Eastern China,13974711615,Salesman
Chen Nianer,38,Female,12212709,Eastern China,15697366927,Salesman
Liu Feilei,45,Female,11511410,Eastern China,15665437795,Salesman
Yan Linghai,43,Female,11711129,Eastern China,18667175067,Contracts Manager
Jing Chutai,39,Male,12112707,Eastern China,15670838760,Contracts Manager
Chen Yinghui,38,Female,12210928,Eastern China,13977262931,Contracts Manager
Xie Jiafu,48,Male,11211902,Eastern China,18680749663,Contracts Manager
Bertran Hughes,39,Male,12112511,Eastern China,15686864496,Contracts Manager
Maureen Davies,48,Female,11212012,Eastern China,18621719561,Contracts Manager
He Wenming,42,Male,11812127,Eastern China,13869683917,Contracts Manager
Wang Jiaxuan,42,Male,11812826,Eastern China,13951342870,Contracts Manager
Kong Shanwei,39,Female,12111303,Eastern China,18937157948,Contracts Manager
Li Bingzhi,49,Male,11110624,Eastern China,18630558721,Contracts Manager
Qing Muxue,46,Female,11412917,Eastern China,18636223046,Contracts Manager
Timothy Wright,46,Male,11412623,Eastern China,18913709126,Contracts Manager
Zhu Yunzhi,38,Male,12212520,Eastern China,15071044773,Contracts Manager
Jing Nianlan,48,Female,11210928,Eastern China,18664669055,Contracts Manager
Millie Robinson,44,Female,11611811,Eastern China,13976277480,Contracts Manager
Bob Lewis,47,Male,11310829,Eastern China,13947319351,Contracts Manager
Cao Zicheng,46,Male,11410907,Eastern China,13973963674,Contracts Manager
Zou Jiayu,39,Male,12112203,Eastern China,15028866306,Contracts Manager
Shi Yishan,46,Male,11410520,Eastern China,15049514536,Contracts Manager
Zhang Wanzhi,40,Female,12011529,Eastern China,13934753084,Contracts Manager
David Robinson,45,Male,11510024,Asia,13976135052,Director
Mitchell Hughes,42,Male,11812801,Asia,18978658432,Supply Staff
Amos Walker,44,Male,11612315,Asia,13863852369,Supply Staff
Judy Wilson,48,Female,11212823,Asia,15089757539,Supply Staff
Carrie Hughes,39,Female,12110020,Asia,13962102137,Supply Staff
Li Ningzhen,42,Female,11810208,Asia,15653467851,Supply Staff
Wu Nuobo,43,Male,11710328,Asia,18689937217,Supply Staff
Salome Patel,48,Female,11210906,Asia,13969020238,Supply Staff
Qing Linghan,45,Female,11512100,Asia,15021016987,Supply Staff
Jing Binzhu,46,Male,11410313,Asia,13934274717,Supply Staff
Qing Zhuyu,39,Male,12111825,Asia,18682004975,Supply Staff
Han Haizhen,47,Female,11311306,Asia,13821047811,Supply Staff
Chu Fangqin,42,Female,11811514,Asia,15053796611,Supply Staff
He Yihao,40,Male,12011011,Asia,15652825716,Supply Staff
He Ruoyun,39,Female,12112420,Asia,15621794465,Supply Staff
Reg Johnson,49,Male,11110916,Asia,18685857534,Supply Staff
Qian Jichen,40,Male,12010114,Asia,18678743295,Supply Staff
Jiang Wenyin,48,Male,11211517,Asia,18670171493,Supply Staff
Jess White,40,Female,12010010,Asia,18628521261,Supply Staff
Ralph Thompson,44,Male,11612521,Asia,18998586749,Supply Staff
Cao Hanming,40,Male,12011206,Asia,18618114148,Supply Staff
Wei Zhuodong,39,Male,12111620,Asia,18678923634,Supply Staff
You Yunzhi,44,Male,11610700,Asia,15684045816,Supply Staff
Tao Yixuan,47,Male,11312106,Asia,15668442761,Supply Staff
Qian Xiaodie,45,Female,11512212,Asia,13857683633,Supply Staff
Qian Banxiang,39,Female,12112920,Asia,18620119860,Salesman
Bai Yingtian,43,Female,11710903,Asia,13885753171,Salesman
Chen Yuanxiang,48,Male,11211219,Asia,15639968841,Salesman
Theobald Robinson,42,Male,11811426,Asia,13830333964,Salesman
Pat Wilson,46,Male,11412011,Asia,15624601488,Salesman
Mimi Green,39,Female,12112613,Asia,18987624415,Salesman
Wu Xiangxing,46,Male,11412001,Asia,15069982275,Salesman
Chu Pingning,42,Female,11810114,Asia,13949837180,Salesman
Malcolm Brown,41,Male,11911204,Asia,13929836941,Salesman
Camilla Smith,47,Female,11312828,Asia,13966547841,Salesman
Zheng Jingyun,38,Male,12212519,Asia,13913682824,Salesman
Chen Yuanjun,38,Male,12210926,Asia,18686339281,Salesman
Tao Yishan,44,Female,11611408,Asia,15651274265,Salesman
Colin Jones,40,Male,12012309,Asia,15041003332,Salesman
Chu Wenming,40,Male,12012809,Asia,18630883140,Salesman
Sun Yinger,41,Female,11910404,Asia,13906794354,Salesman
Fidelia Hall,40,Female,12012220,Asia,15028279376,Salesman
Henry Lewis,38,Male,12212027,Asia,15672327497,Salesman
Qi Guqiu,38,Female,12211619,Asia,18600565512,Salesman
Zhao Zhengsong,42,Male,11812108,Asia,13872170639,Salesman
Han Yuzhou,42,Male,11810727,Asia,18996293617,Salesman
Zhou Huanqing,41,Female,11911206,Asia,15060104803,Salesman
Xie Zhenming,38,Male,12211718,Asia,15691537032,Salesman
Xu Lvping,45,Female,11510102,Asia,18999680234,Salesman
Gene Wright,49,Male,11112106,Asia,15610458103,Salesman
Jiang Yibo,49,Female,11110502,Asia,15053833226,Salesman
Vivian Clarke,49,Male,11112908,Asia,18974833067,Salesman
Wang Jinbo,45,Male,11512218,Asia,15609346411,Salesman
Qing  zixue,38,Female,12212622,Asia,15657449973,Salesman
Feng Shuliu,40,Female,12011917,Asia,15605980669,Salesman
You Qiaoqing,48,Female,11212203,Asia,13956614701,Salesman
Candida Jackson,43,Female,11710128,Asia,15620472095,Salesman
Li Cailing,43,Female,11710825,Asia,13842545267,Salesman
Cathy Edwards,47,Female,11310127,Asia,13965664105,Salesman
Jing Shiyi,49,Male,11110226,Asia,15073848489,Salesman
Wei Youman,43,Female,11710213,Asia,15690572094,Salesman
Micky Patel,40,Male,12011708,Asia,18936331523,Salesman
Yan Ningyang,45,Female,11510005,Asia,15649764801,Salesman
Dou Youtong,39,Male,12112827,Asia,13901526703,Salesman
Qing Fanyan,40,Female,12012107,Asia,15068236084,Salesman
Lv Qiufeng,39,Female,12110809,Asia,15088530748,Salesman
Oliver Wilson,48,Male,11211116,Asia,15014605907,Salesman
Dave Jones,45,Male,11510209,Asia,18684691080,Salesman
Qian Qianyi,42,Female,11812011,Asia,13842183816,Salesman
Mary Wilson,48,Female,11212510,Asia,18626102534,Salesman
Yan Shilan,42,Female,11810712,Asia,15092302621,Salesman
Jiang Hanxuan,47,Female,11310425,Asia,18629063473,Salesman
Yan Chilv,49,Female,11112222,Asia,18915653755,Salesman
Zhou Lengrou,45,Female,11512104,Asia,15024361112,Salesman
Kong Nianyang,41,Female,11912112,Asia,13999858015,Salesman
Hamilton Edwards,38,Male,12211025,Asia,18676194473,Salesman
Catherine Clarke,49,Female,11112520,Asia,13884191170,Salesman
Lenny Harris,44,Male,11610600,Asia,18923081948,Salesman
Jing Yishan,40,Female,12012023,Asia,15604491880,Salesman
Nan Brown,43,Female,11710008,Asia,13908490013,Salesman
Gavin Thomas,46,Male,11410100,Asia,13945479844,Salesman
Yan Zhaoxuan,45,Male,11511121,Asia,13870095720,Salesman
You Shaohu,41,Male,11911822,Asia,18985524552,Salesman
Oliver Green,39,Male,12112211,Asia,15687147370,Salesman
Felicity Roberts,47,Female,11310009,Asia,18622474204,Salesman
Xie Zicheng,46,Male,11412317,Asia,18926328538,Salesman
Hortensia Johnson,44,Female,11610812,Asia,13892780356,Salesman
Bai Dongshuang,42,Female,11812124,Asia,13815686144,Salesman
Martina Clarke,49,Female,11112514,Asia,15049305906,Salesman
Zhu Yuanchun,47,Female,11310220,Asia,13927562806,Salesman
Charlene Edwards,44,Female,11610900,Asia,15667741606,Salesman
Qian Jiaxuan,38,Male,12211323,Asia,13857780312,Salesman
Jennifer Walker,43,Female,11710304,Asia,13947733265,Salesman
Shi Wenming,49,Male,11112303,Asia,15079523863,Salesman
Lee Lewis,39,Male,12111307,Asia,18931182645,Salesman
Tel Hughes,44,Male,11612508,Asia,15637211321,Salesman
Marilyn Hall,39,Female,12112604,Asia,15662126431,Salesman
Zhao  youhui,42,Female,11811223,Asia,18687016162,Salesman
Norm Clarke,46,Male,11410503,Asia,15687418212,Salesman
Zhang Wenke,42,Male,11811304,Asia,15085745621,Salesman
Chen Ruoke,40,Male,12011416,Asia,15647985130,Salesman
Li Yingtian,44,Female,11610219,Asia,15661798348,Salesman
Dou Yunshuo,49,Male,11111829,Asia,15005616385,Salesman
Elsa Lewis,41,Female,11912610,Asia,13963582437,Salesman
Errol White,42,Male,11812521,Asia,15632395694,Salesman
Victor Lewis,43,Male,11712200,Asia,13918098997,Contracts Manager
Melissa Evans,46,Female,11410703,Asia,15082681966,Contracts Manager
Jiang Qizhen,39,Female,12111414,Asia,15648228450,Contracts Manager
Wang Yingtao,44,Female,11612721,Asia,15074810279,Contracts Manager
Chu Jingwen,39,Male,12111726,Asia,15646720643,Contracts Manager
He Hongbang,40,Male,12012629,Asia,18673404616,Contracts Manager
Yan Zicheng,47,Male,11310924,Asia,13965241362,Contracts Manager
Luke Brown,40,Male,12011920,Asia,15653796360,Contracts Manager
Poll Jackson,41,Female,11910706,Asia,13805244864,Contracts Manager
Sandra Brown,42,Female,11811417,Asia,18929417326,Contracts Manager
He Benqing,44,Male,11610101,Asia,18699338307,Contracts Manager
Yu Feiqing,46,Female,11411003,Asia,18922745977,Contracts Manager
Qi Ruize,46,Male,11410318,Asia,18669476121,Contracts Manager
Norman Brown,45,Male,11512601,Asia,13924880879,Contracts Manager
Li Danqing,42,Female,11812410,Asia,18673636686,Contracts Manager
Qing Mining,40,Female,12011802,Asia,18987291370,Contracts Manager
Edmund Clarke,38,Male,12211014,Asia,15683948868,Contracts Manager
Zhao Yihao,40,Male,12012128,Asia,15052905135,Contracts Manager
Persis Wright,45,Female,11510816,Asia,15626473469,Contracts Manager
Yan Chunan,48,Male,11211813,Asia,18603989796,Contracts Manager
Liz Jones,43,Female,11710914,Southern China,18952324673,Director
Yu Qizheng,42,Male,11812213,Southern China,13884540617,Supply Staff
Qian Nandie,38,Female,12211003,Southern China,13877463593,Supply Staff
Dennis Patel,41,Male,11911223,Southern China,15077553455,Supply Staff
Bernie Wilson,40,Male,12011319,Southern China,18641154719,Supply Staff
Zhao Yuxuan,40,Male,12012001,Southern China,18908905381,Supply Staff
Han Hanwu,39,Male,12110927,Southern China,18637769897,Supply Staff
Zhu Yueqi,40,Male,12010909,Southern China,18951255896,Supply Staff
Leslie Brown,44,Female,11610326,Southern China,18649276288,Supply Staff
Shen Qizhen,48,Female,11210028,Southern China,18687812134,Supply Staff
Darrell Johnson,40,Male,12011702,Southern China,13913298284,Supply Staff
Zhao Jiayu,39,Male,12111601,Southern China,18681271060,Supply Staff
Qian Xiaofeng,41,Female,11912507,Southern China,13854197619,Supply Staff
He Banxiang,48,Female,11211615,Southern China,18924078589,Supply Staff
George Smith,44,Male,11612422,Southern China,18694675683,Supply Staff
Zhou Huiran,39,Male,12111125,Southern China,18604808591,Supply Staff
Brian Patel,49,Male,11112809,Southern China,13991503837,Supply Staff
Qian Yaxia,47,Female,11312522,Southern China,15007334154,Supply Staff
Muriel White,39,Female,12111613,Southern China,13856749672,Supply Staff
Xu Hanxuan,38,Female,12212302,Southern China,18937114201,Supply Staff
Basil White,40,Male,12010417,Southern China,13903524310,Supply Staff
Rosie Wilson,41,Female,11911402,Southern China,15006191648,Supply Staff
Jing Jishan,46,Female,11411022,Southern China,18649055055,Supply Staff
Chu Shengxiang,49,Male,11111715,Southern China,13968713358,Supply Staff
Wu Ruoyan,38,Female,12212423,Southern China,18676352982,Supply Staff
Jing Hanshuang,42,Female,11812518,Southern China,18935024518,Salesman
Felix Walker,44,Male,11612205,Southern China,15097426676,Salesman
Bobby Roberts,46,Male,11412713,Southern China,18699239326,Salesman
Noah Harris,47,Male,11310914,Southern China,13935818451,Salesman
Clarence Green,45,Male,11512902,Southern China,15694718398,Salesman
Zou Lengrou,43,Female,11711721,Southern China,13825496694,Salesman
Trudie Lewis,40,Female,12010421,Southern China,18962375539,Salesman
Zhu Honglin,48,Male,11210312,Southern China,13825820064,Salesman
Zhou Hanling,46,Female,11410421,Southern China,13994010802,Salesman
Lv Wanzhi,47,Female,11310620,Southern China,18940947434,Salesman
Janey Jackson,46,Female,11410213,Southern China,13985048926,Salesman
Jiang Jingwen,44,Male,11611029,Southern China,15647649410,Salesman
Zhou Zhongxiao,48,Male,11212119,Southern China,18640776921,Salesman
Matt Thompson,43,Male,11710512,Southern China,13932324056,Salesman
Jesse Johnson,49,Male,11112416,Southern China,15031069354,Salesman
Sun Yankun,43,Male,11710812,Southern China,18922417437,Salesman
Lv Jianrong,47,Male,11312113,Southern China,18941514162,Salesman
Lv Shizhen,45,Female,11511902,Southern China,15070802434,Salesman
Lisa Taylor,41,Female,11911700,Southern China,15685475495,Salesman
Yang Baitao,49,Female,11111206,Southern China,15660272878,Salesman
Chen Haoyan,47,Male,11310607,Southern China,13870705830,Salesman
Natalie Taylor,42,Female,11812022,Southern China,18990290945,Salesman
Bai Chutai,43,Male,11710729,Southern China,15690813331,Salesman
Xie Minghan,43,Male,11710721,Southern China,18653864171,Salesman
Yang Penglong,47,Male,11311415,Southern China,18662638353,Salesman
Xu Yuanhong,49,Male,11112611,Southern China,13839324198,Salesman
Liu Hanshuang,42,Female,11810525,Southern China,15653974261,Salesman
Audrey Wright,42,Female,11812701,Southern China,18949082118,Salesman
Jiang Yixuan,43,Male,11711321,Southern China,15612455594,Salesman
Patience Hughes,40,Female,12012922,Southern China,15094646510,Salesman
Qi Rufeng,46,Female,11411616,Southern China,18619187298,Salesman
Feng Ermei,38,Female,12211000,Southern China,15086534755,Salesman
Qi Hanxiang,49,Male,11112200,Southern China,18911319405,Salesman
Hua Erqiu,48,Female,11210512,Southern China,15628052977,Salesman
Cao Yueqi,41,Male,11911416,Southern China,15057947264,Salesman
Hua Haonan,40,Male,12012621,Southern China,18682228818,Salesman
Dominic Green,43,Male,11710327,Southern China,18621769806,Salesman
Tao Xixia,46,Female,11411217,Southern China,18913371070,Salesman
Jiang Junzhuo,40,Male,12010126,Southern China,13841436603,Salesman
Elroy Edwards,45,Male,11512118,Southern China,13943330557,Salesman
Jode Brown,38,Female,12212801,Southern China,13911518558,Salesman
Karl Hughes,38,Male,12212006,Southern China,13894495130,Salesman
Qian  biqin,46,Female,11411614,Southern China,18603986116,Salesman
Dan Wright,41,Male,11911807,Southern China,13988508833,Salesman
Xu Ruichen,49,Male,11110923,Southern China,13821706846,Salesman
Qi Binzhu,39,Male,12112902,Southern China,15651555135,Salesman
Mildred Wright,48,Female,11211017,Southern China,13933700776,Salesman
Qi Yinxiang,38,Male,12210722,Southern China,15076744537,Salesman
Jiang Hanlan,41,Female,11910709,Southern China,18637953695,Salesman
Susanna Taylor,47,Female,11310703,Southern China,15669197323,Salesman
Kong Maoan,46,Male,11410027,Southern China,13864597380,Salesman
Zou Moyu,46,Male,11412816,Southern China,13949270728,Salesman
Chu Guqiu,38,Female,12212528,Southern China,18974814682,Salesman
Abe Harris,38,Male,12211623,Southern China,18976184464,Salesman
Dulcie Patel,45,Female,11510201,Southern China,18983135639,Salesman
Shen Mingliang,48,Male,11210513,Southern China,18685251708,Salesman
Kong Xiaocui,40,Female,12010920,Southern China,15021189476,Salesman
Cynthia Patel,39,Female,12111625,Southern China,18678419999,Salesman
Moira Roberts,43,Female,11712215,Southern China,15641994775,Salesman
Anne Jones,42,Female,11810126,Southern China,15665588648,Salesman
Jill Thomas,49,Female,11112003,Southern China,13821451983,Salesman
Xu Fanrui,48,Male,11211029,Southern China,18676986941,Salesman
Brittany White,48,Female,11210713,Southern China,13899633547,Salesman
Wu Yuyang,46,Female,11410101,Southern China,15635108537,Salesman
You Bisong,45,Female,11510400,Southern China,18644459199,Salesman
Ollie Smith,44,Male,11612502,Southern China,15077767818,Salesman
Georgie Taylor,40,Female,12010120,Southern China,15617066125,Salesman
Wang Wenqiu,42,Female,11810002,Southern China,13863422390,Salesman
Malachi Lewis,46,Male,11410820,Southern China,13937820660,Salesman
Diana Thompson,41,Female,11911604,Southern China,13834712519,Salesman
Martha Clarke,46,Female,11410311,Southern China,18616903538,Salesman
Rosalyn Jones,48,Female,11211302,Southern China,13905966109,Salesman
Olive Wright,43,Female,11711521,Southern China,13844156177,Salesman
Tao Bochang,42,Male,11811908,Southern China,15059214621,Salesman
Wayne Taylor,38,Male,12211614,Southern China,15070303753,Salesman
Zhou Miyan,38,Female,12211926,Southern China,15014782909,Salesman
Yan Yusong,46,Female,11412919,Southern China,13915520945,Salesman
Qian Yuanxiang,45,Male,11510606,Southern China,18688985462,Salesman
Kong Huaibai,43,Female,11711922,Southern China,18643797214,Salesman
Zou Banqin,41,Female,11910808,Southern China,13901142432,Salesman
Marshall Hall,47,Male,11311615,Southern China,15004010251,Contracts Manager
Fran Smith,45,Female,11512016,Southern China,13982065462,Contracts Manager
You Dongsi,47,Female,11312609,Southern China,18955639487,Contracts Manager
Zhou Yuandong,42,Female,11810916,Southern China,15024083648,Contracts Manager
Diana Robinson,48,Female,11210423,Southern China,13995890033,Contracts Manager
Brian Brown,47,Male,11311700,Southern China,15009690461,Contracts Manager
Jiang Jingjie,46,Male,11412302,Southern China,15604747830,Contracts Manager
Xu  menghan,43,Female,11711207,Southern China,18931198598,Contracts Manager
Nicholas Hughes,48,Male,11212200,Southern China,18675499803,Contracts Manager
Lv Xinyue,48,Male,11212025,Southern China,13928101294,Contracts Manager
Sun  biqin,41,Female,11911800,Southern China,13986404059,Contracts Manager
Shui Zhuyu,49,Male,11112312,Southern China,13866763281,Contracts Manager
Sun Chufeng,45,Female,11511814,Southern China,18980635996,Contracts Manager
Bai Ermei,49,Female,11111609,Southern China,18673422309,Contracts Manager
You Qicheng,49,Male,11110306,Southern China,15640275929,Contracts Manager
Ozzie Smith,38,Male,12212108,Southern China,13900350627,Contracts Manager
Shi Runyi,48,Male,11210628,Southern China,13911676010,Contracts Manager
Dermot Robinson,48,Male,11210514,Southern China,18650644724,Contracts Manager
Zhang Peiling,45,Female,11510426,Southern China,13851979198,Contracts Manager
Milton Smith,39,Male,12110704,Southern China,15044189671,Contracts Manager
Jiang Feiqing,45,Female,11511203,Northern China,15063346307,Director
Mabel Smith,41,Female,11911804,Northern China,13860891882,Supply Staff
Li Benqing,49,Male,11111624,Northern China,13889199951,Supply Staff
Chen Gurui,41,Female,11911609,Northern China,18674936591,Supply Staff
Dudley White,42,Male,11812728,Northern China,15014782427,Supply Staff
Jing Ziyu,49,Male,11111028,Northern China,15695243997,Supply Staff
Yan Conglei,46,Female,11411014,Northern China,18647979883,Supply Staff
Jane Robinson,42,Female,11812423,Northern China,15070332166,Supply Staff
Salome Robinson,47,Female,11312409,Northern China,13866772753,Supply Staff
Vivian Brown,48,Male,11210120,Northern China,13987264599,Supply Staff
Chu Qiuman,43,Female,11711516,Northern China,15071536983,Supply Staff
Kong Xumeng,45,Male,11510129,Northern China,13943189492,Supply Staff
Jeanie Wilson,44,Female,11612609,Northern China,13849533904,Supply Staff
Shen Tianfan,42,Female,11810110,Northern China,15088879110,Supply Staff
Yu Huasheng,43,Male,11711115,Northern China,15621142637,Supply Staff
Chen Jiashuai,39,Male,12111814,Northern China,15003660263,Supply Staff
Zhang Benqing,38,Male,12210029,Northern China,13960918549,Supply Staff
Auberon Robinson,48,Male,11211721,Northern China,15051381078,Supply Staff
Crystal Brown,46,Female,11412715,Northern China,15084309768,Supply Staff
You Shengjian,47,Male,11312700,Northern China,15063264518,Supply Staff
Lester Lewis,41,Male,11911015,Northern China,18991507271,Supply Staff
Jeff Lewis,43,Male,11710828,Northern China,13897824252,Supply Staff
Kong Qiaobai,39,Female,12112222,Northern China,18962148638,Supply Staff
Alistair Lewis,47,Male,11312521,Northern China,13891971811,Supply Staff
Benjamin Wilson,43,Male,11712325,Northern China,15067783063,Supply Staff
Cao Jiashu,41,Male,11912419,Northern China,13982935548,Salesman
Debby Williams,42,Female,11810914,Northern China,18643905431,Salesman
Qian Huahong,39,Male,12112825,Northern China,15036808740,Salesman
Angelica Harris,39,Female,12110614,Northern China,13801466057,Salesman
Hilda Harris,43,Female,11710110,Northern China,13863391481,Salesman
Charlene Hall,46,Female,11411820,Northern China,15059383162,Salesman
Susan Johnson,44,Female,11611106,Northern China,13861191981,Salesman
Shen Shitong,39,Female,12112802,Northern China,13826123601,Salesman
Yan Yingzhi,45,Female,11512220,Northern China,18692168525,Salesman
Charlotte Davies,47,Female,11311229,Northern China,13949976177,Salesman
Tao Yinghui,43,Female,11712907,Northern China,15020644976,Salesman
Shui Yihan,44,Female,11612710,Northern China,13962668922,Salesman
He Fangqin,43,Female,11712922,Northern China,13938113424,Salesman
Sun Hanxiang,45,Female,11512809,Northern China,15059741639,Salesman
Dou Lingzhi,48,Female,11210503,Northern China,18913957932,Salesman
Phil Robinson,38,Male,12212700,Northern China,15630709639,Salesman
Xu Ziyan,42,Male,11812018,Northern China,18925403340,Salesman
Murray Davies,48,Male,11210413,Northern China,15065481837,Salesman
Wei Xiaoshan,42,Female,11810204,Northern China,15069443206,Salesman
Bai Yuzhou,43,Male,11710607,Northern China,15645334039,Salesman
June Hall,48,Female,11212228,Northern China,18971216787,Salesman
Phoebe White,49,Female,11110711,Northern China,13867433379,Salesman
Gillian Jones,48,Female,11211305,Northern China,18651860969,Salesman
He Yukun,48,Male,11210611,Northern China,18967603677,Salesman
Zhao Yankun,46,Male,11412126,Northern China,15006083021,Salesman
Jing Jiaji,38,Male,12210502,Northern China,18971995428,Salesman
Daisy Edwards,48,Female,11210712,Northern China,15011121420,Salesman
Chu Youqing,41,Female,11912728,Northern China,15660300594,Salesman
Nancy Wright,46,Female,11410910,Northern China,13809059908,Salesman
Susan Hall,45,Female,11510115,Northern China,18972414010,Salesman
Tricia Taylor,41,Female,11910806,Northern China,18977282386,Salesman
Juliet Smith,40,Female,12010313,Northern China,15098059461,Salesman
Tao Erqing,43,Female,11712500,Northern China,15651177344,Salesman
Qian Yukun,40,Male,12011706,Northern China,13820591356,Salesman
Alistair Walker,47,Male,11311901,Northern China,15066175538,Salesman
Yang Manyun,47,Female,11311818,Northern China,18946478788,Salesman
Bai Youyi,43,Female,11712115,Northern China,13820491699,Salesman
Cheryl White,39,Female,12110515,Northern China,13848911709,Salesman
Qian Jishan,46,Female,11410411,Northern China,13956678456,Salesman
Zheng Rusi,38,Female,12212008,Northern China,15694603232,Salesman
Tao Manrui,43,Male,11712513,Northern China,13825405039,Salesman
Georgina Smith,41,Female,11911012,Northern China,15691496587,Salesman
Yan Panhai,44,Female,11612902,Northern China,13885393179,Salesman
Louisa Roberts,42,Female,11812007,Northern China,18966855678,Salesman
Wang Lisheng,47,Male,11311223,Northern China,13947865508,Salesman
Yang Nuobo,44,Male,11612421,Northern China,15087215484,Salesman
Zou Haozhen,48,Male,11210204,Northern China,18613342990,Salesman
Yan Xiangheng,48,Male,11210708,Northern China,13927999733,Salesman
Wang Yuyang,40,Female,12011818,Northern China,18685658883,Salesman
Dou Huaiyu,39,Male,12110902,Northern China,13955823401,Salesman
Clare Harris,49,Male,11110319,Northern China,15022058632,Salesman
Joseph Davies,45,Male,11510416,Northern China,13853290517,Salesman
Allen Walker,47,Male,11311619,Northern China,13971923563,Salesman
Tel Hughes,48,Male,11211414,Northern China,15671223228,Salesman
Zhu Yiye,49,Male,11111203,Northern China,18989797324,Salesman
Tao Zhiyong,48,Male,11210219,Northern China,13955068968,Salesman
Gracie Williams,38,Female,12211518,Northern China,15654771734,Salesman
Zou Xintao,46,Male,11411211,Northern China,15052391875,Salesman
Sal Walker,44,Female,11612913,Northern China,15066448396,Salesman
Gracie Thomas,46,Female,11411929,Northern China,15616426004,Salesman
Aggie Smith,39,Female,12111926,Northern China,15673271314,Salesman
Michael Harris,46,Male,11411910,Northern China,13846486784,Salesman
Feng Jingping,49,Female,11110802,Northern China,13892932966,Salesman
Xu Dongsi,46,Female,11410915,Northern China,15618203439,Salesman
Yang  zixue,49,Female,11112716,Northern China,15664059213,Salesman
Wei Zibin,40,Male,12012502,Northern China,15066207398,Salesman
Ollie Patel,49,Male,11110405,Northern China,18943805369,Salesman
Yu Chutai,49,Male,11110407,Northern China,13928637245,Salesman
Jing Qize,39,Male,12112114,Northern China,18911514543,Salesman
Wu Jianxi,49,Male,11112607,Northern China,18913537836,Salesman
Yan Jiaye,38,Male,12211326,Northern China,13857113998,Salesman
Feng Chutai,48,Male,11210011,Northern China,13909557872,Salesman
Allen Williams,45,Male,11512713,Northern China,15078834977,Salesman
Lou Green,39,Male,12110421,Northern China,13891114271,Salesman
You Hanfeng,47,Female,11311108,Northern China,13902596073,Salesman
Zhu Tinghan,44,Female,11612201,Northern China,18936952957,Salesman
Patrick Johnson,38,Male,12211220,Northern China,15059073373,Salesman
Yang Xiangheng,40,Male,12011508,Northern China,13971686381,Salesman
Christopher Walker,46,Male,11411312,Northern China,15016604133,Salesman
Shen Mengbai,41,Female,11910305,Northern China,13973701454,Salesman
Joseph Davies,38,Male,12210020,Northern China,13855475664,Contracts Manager
Wu Jiayu,39,Male,12110800,Northern China,13981604436,Contracts Manager
Bai Zibin,38,Male,12212719,Northern China,13978258053,Contracts Manager
Eulalia Brown,43,Female,11712222,Northern China,15611521923,Contracts Manager
Zhao Bandan,44,Female,11610109,Northern China,15660112160,Contracts Manager
Kong Yuqiao,45,Female,11511608,Northern China,15099570975,Contracts Manager
Rupert Walker,44,Male,11610022,Northern China,13837332637,Contracts Manager
Tommy Davies,49,Male,11110313,Northern China,13965685007,Contracts Manager
Aggie Smith,49,Female,11112822,Northern China,13890821768,Contracts Manager
He Huaibai,48,Female,11210316,Northern China,18615409124,Contracts Manager
Arnold Wright,40,Male,12010806,Northern China,13813278638,Contracts Manager
Theodore Jones,46,Male,11411314,Northern China,15637550207,Contracts Manager
Tao Binzhu,41,Male,11911811,Northern China,13811252764,Contracts Manager
Zhang Qintao,41,Male,11911428,Northern China,15098553535,Contracts Manager
Jessy Clarke,38,Male,12212618,Northern China,15622821239,Contracts Manager
Trevor Evans,38,Male,12210929,Northern China,18622164699,Contracts Manager
Zheng Runyi,42,Male,11812628,Northern China,15613461351,Contracts Manager
Sara Patel,48,Female,11210425,Northern China,15029521800,Contracts Manager
Qing Canning,41,Male,11911411,Northern China,13898229676,Contracts Manager
Olive Taylor,49,Female,11110321,Northern China,18904349852,Contracts Manager
Qian Qianqiu,43,Female,11710621,Europe,13826275879,Director
Zheng Anran,46,Male,11411412,Europe,18618045550,Supply Staff
Xie Yuyang,44,Female,11611903,Europe,13944671764,Supply Staff
Hua Zhaoyu,48,Male,11210013,Europe,15699277820,Supply Staff
Chen Dongyan,45,Female,11511625,Europe,15099875207,Supply Staff
Yang Hanzhe,44,Male,11612023,Europe,18982417146,Supply Staff
Qi Jiaye,43,Male,11711728,Europe,13885966956,Supply Staff
Shi Tingping,39,Female,12111228,Europe,15061819814,Supply Staff
Cao Yuanhong,46,Male,11410529,Europe,18679830367,Supply Staff
Zheng Manlv,42,Female,11812319,Europe,15006794564,Supply Staff
Shui Nuobo,39,Male,12111922,Europe,13913540869,Supply Staff
Zhou Zhuodong,45,Male,11512607,Europe,13961123893,Supply Staff
Teresa Davies,42,Female,11812821,Europe,13891982464,Supply Staff
Wang Feifeng,44,Female,11611812,Europe,13934358401,Supply Staff
Mandy Smith,46,Female,11412311,Europe,15021347865,Supply Staff
Hector White,44,Male,11611227,Europe,13932852743,Supply Staff
Jiang Rusi,48,Female,11210524,Europe,18668906200,Supply Staff
Sebastian Roberts,42,Male,11812006,Europe,13902204580,Supply Staff
Cao Feilei,39,Female,12111027,Europe,13923207645,Supply Staff
Zheng Biyan,41,Female,11910019,Europe,15031117856,Supply Staff
Zhang Yousong,46,Female,11412615,Europe,18677768520,Supply Staff
Benjamin Davies,38,Male,12211106,Europe,13866484683,Supply Staff
Wei Shiyan,44,Female,11612717,Europe,15674552802,Supply Staff
Yu Ziyun,46,Female,11412326,Europe,13941972839,Supply Staff
Bai Dongtao,48,Female,11211418,Europe,13859120738,Supply Staff
Zhou Leqiao,38,Female,12211711,Europe,18664254367,Salesman
Shen Lisheng,44,Male,11612606,Europe,13861013178,Salesman
Bridget Patel,47,Female,11310110,Europe,18943199652,Salesman
Anne Davies,48,Female,11211323,Europe,18946670873,Salesman
Ed Harris,46,Male,11411720,Europe,13824150273,Salesman
Dou Ruichen,39,Male,12111803,Europe,18643572672,Salesman
Lindsay Davies,44,Female,11612800,Europe,18943286924,Salesman
Pete Evans,49,Male,11111217,Europe,15011038308,Salesman
Qi Lvwei,38,Female,12212815,Europe,13983501780,Salesman
Shui Ruoyan,44,Female,11610619,Europe,18637811038,Salesman
Zhang  biqin,43,Female,11710100,Europe,13913466199,Salesman
Jiang Qicheng,49,Male,11111618,Europe,18613460353,Salesman
Qi Erqing,48,Female,11211708,Europe,18957695206,Salesman
Leila Roberts,45,Female,11511312,Europe,15086821816,Salesman
Maureen Williams,39,Female,12112505,Europe,15075333888,Salesman
Oz Smith,42,Male,11810706,Europe,15087063733,Salesman
Phyllis Evans,49,Female,11112029,Europe,18685322740,Salesman
Dou Wanzhi,48,Female,11210923,Europe,15098913299,Salesman
Tessa White,47,Female,11311906,Europe,13963976928,Salesman
Hamilton Thomas,42,Male,11812802,Europe,15023535195,Salesman
Shi Yuzhou,43,Male,11712019,Europe,15659504876,Salesman
Joanne Taylor,46,Female,11410404,Europe,18929478204,Salesman
Shen Zhiteng,45,Male,11511906,Europe,13941916164,Salesman
Kong Aonan,45,Female,11512419,Europe,13891465941,Salesman
Daniel Green,44,Male,11611112,Europe,18604930949,Salesman
Liu Wenjing,42,Male,11812101,Europe,18659494427,Salesman
He Wenyin,43,Male,11712128,Europe,18961133099,Salesman
Sonia Wright,45,Female,11512408,Europe,18639197649,Salesman
Qing Maoan,45,Male,11510023,Europe,13850673191,Salesman
Hua Wenjing,41,Male,11910723,Europe,13841249541,Salesman
Jessica Jones,40,Female,12011018,Europe,15625169397,Salesman
Lv Jiamin,49,Male,11112214,Europe,18605231640,Salesman
Ray Wilson,39,Male,12110429,Europe,18904726351,Salesman
Lv Yuanxiang,46,Male,11412512,Europe,15044720365,Salesman
Carrie Clarke,43,Female,11711701,Europe,15656026139,Salesman
Chen Chenjia,41,Male,11911913,Europe,15098824410,Salesman
Qian Bochang,47,Male,11310722,Europe,18912693787,Salesman
Lv Yunzhi,47,Male,11311914,Europe,15086743807,Salesman
Sal Edwards,49,Female,11112206,Europe,18983513679,Salesman
Eric Lewis,44,Male,11610016,Europe,15013323584,Salesman
Hua Zhuodong,47,Male,11312223,Europe,18634713970,Salesman
Jackie Taylor,49,Female,11110611,Europe,15037461347,Salesman
Vivian Johnson,41,Male,11910717,Europe,15083663048,Salesman
Li Jingwen,42,Male,11811618,Europe,15051112476,Salesman
Zhang Yunzhi,38,Male,12211001,Europe,18934670692,Salesman
Naomi Lewis,48,Female,11212724,Europe,15632679243,Salesman
Wei Leqiao,42,Female,11812422,Europe,18971543234,Salesman
Qi Jiabin,48,Male,11210706,Europe,13883890984,Salesman
Li Linglian,49,Female,11112116,Europe,13834907428,Salesman
Clare Green,44,Female,11611511,Europe,15623523765,Salesman
Moira Hughes,38,Female,12210529,Europe,15034261239,Salesman
Feng Zhenming,45,Male,11511523,Europe,18910019042,Salesman
Leonard Clarke,38,Male,12211508,Europe,18904797951,Salesman
Allson Evans,39,Female,12111324,Europe,18668152894,Salesman
Theobald Thompson,46,Male,11410203,Europe,18628061981,Salesman
Malcolm Edwards,47,Male,11312003,Europe,13915906463,Salesman
Zhang Mimei,46,Female,11411716,Europe,13839866372,Salesman
Ed Davies,42,Male,11810104,Europe,13924863552,Salesman
Padraic Davies,42,Male,11811615,Europe,18610106228,Salesman
Jeffrey Robinson,48,Male,11212711,Europe,18658605272,Salesman
Priscilla Thompson,43,Female,11711710,Europe,15659160287,Salesman
He Leshuang,49,Female,11111024,Europe,13950610498,Salesman
Wei Yangyang,44,Male,11610603,Europe,15661025568,Salesman
Jeanie Evans,46,Female,11410014,Europe,15698201024,Salesman
Kong Xiangzhe,42,Male,11810719,Europe,18608114189,Salesman
Lv Yinxiang,41,Male,11912423,Europe,15023405921,Salesman
Adolf Davies,38,Male,12211913,Europe,15075997121,Salesman
Geraint Walker,47,Male,11310224,Europe,15011638613,Salesman
Lou White,48,Male,11212120,Europe,15622710919,Salesman
Chen Ziyan,48,Male,11211422,Europe,13985564910,Salesman
Alma Williams,42,Female,11810722,Europe,15615781133,Salesman
Stewart Jones,40,Male,12011126,Europe,18908287035,Salesman
Xie Ercui,46,Female,11412600,Europe,18981092712,Salesman
Danny Smith,39,Male,12111219,Europe,15656054124,Salesman
Adelina Taylor,48,Female,11210506,Europe,18698722990,Salesman
Katharine Thompson,42,Female,11810625,Europe,18622890184,Salesman
Han Peixiang,46,Female,11411326,Europe,15054504848,Salesman
Shen Yuanchun,42,Female,11810206,Europe,15051980900,Salesman
Rosalind Roberts,41,Female,11911424,Europe,15066206015,Salesman
Mignon Walker,38,Female,12212523,Europe,18924870480,Salesman
Kong Yuandong,44,Female,11610829,Europe,13957711628,Contracts Manager
Zou Moyu,45,Male,11512017,Europe,13949333244,Contracts Manager
Zhang Jiayu,43,Male,11710709,Europe,15035685329,Contracts Manager
Van Hughes,41,Male,11912417,Europe,15630507980,Contracts Manager
Shen Haifeng,38,Female,12211729,Europe,15620510105,Contracts Manager
Qian Junqin,49,Male,11112406,Europe,15621313057,Contracts Manager
Barbara Hall,41,Female,11910129,Europe,15001561594,Contracts Manager
Lindsay Taylor,47,Female,11312022,Europe,13885244346,Contracts Manager
Stanley Thomas,43,Male,11712313,Europe,18614288867,Contracts Manager
Graham Hughes,42,Male,11812708,Europe,15013857255,Contracts Manager
Dou Youyi,45,Female,11512325,Europe,18697159896,Contracts Manager
Shen Jinquan,39,Male,12112115,Europe,15086986800,Contracts Manager
Murray Edwards,42,Male,11810112,Europe,18991801109,Contracts Manager
Zheng Rongchun,45,Male,11510812,Europe,13844791357,Contracts Manager
Marcia Wright,41,Female,11912320,Europe,15019139646,Contracts Manager
Auberon Smith,38,Male,12210428,Europe,18653845605,Contracts Manager
Wang Mucheng,48,Male,11210307,Europe,15068585157,Contracts Manager
Zhou Yaokun,47,Male,11312823,Europe,15694798702,Contracts Manager
Ron Hall,39,Male,12110722,Europe,18659430348,Contracts Manager
Dou Yishuang,42,Female,11810411,Europe,18697569508,Contracts Manager
Zheng Jiaxuan,40,Male,12010201,Southwestern China,15045496448,Director
Vivien Johnson,38,Female,12211320,Southwestern China,15665186413,Supply Staff
Richie Roberts,42,Male,11812407,Southwestern China,13913280853,Supply Staff
Zheng Hanxiang,39,Female,12111627,Southwestern China,18670303787,Supply Staff
Jing Manyun,38,Female,12210612,Southwestern China,18602368649,Supply Staff
Hua Boran,41,Male,11910910,Southwestern China,15678864028,Supply Staff
Yu Ruichen,49,Male,11110410,Southwestern China,15653633429,Supply Staff
Floyd Green,47,Male,11310305,Southwestern China,13931236054,Supply Staff
Xie Tingqin,44,Female,11610322,Southwestern China,13851038298,Supply Staff
Irwin Green,39,Male,12111906,Southwestern China,13848256680,Supply Staff
Shi Tingping,47,Female,11312100,Southwestern China,18917395106,Supply Staff
Chu Yingzhi,38,Female,12211403,Southwestern China,13892297977,Supply Staff
Qian Shunhang,45,Male,11510516,Southwestern China,13904943158,Supply Staff
Ross Edwards,44,Male,11610329,Southwestern China,15082403377,Supply Staff
Roger White,47,Male,11311712,Southwestern China,15657072117,Supply Staff
Hua Yuwen,45,Female,11511720,Southwestern China,18909695537,Supply Staff
He Pengxiao,46,Male,11410208,Southwestern China,13992952835,Supply Staff
Qi Haizhen,49,Female,11110111,Southwestern China,18903816077,Supply Staff
Kent Wilson,43,Male,11710805,Southwestern China,18677968674,Supply Staff
Joanne White,49,Female,11112718,Southwestern China,15696020889,Supply Staff
Ned Walker,42,Male,11810305,Southwestern China,18920058215,Supply Staff
Eli White,44,Male,11611019,Southwestern China,18657056752,Supply Staff
Yan Yingwen,42,Female,11811720,Southwestern China,15011117135,Supply Staff
Robin Green,42,Female,11811307,Southwestern China,15058014776,Supply Staff
Zhang Zhixiang,46,Male,11411810,Southwestern China,18648771704,Supply Staff
Jock Walker,43,Male,11710522,Southwestern China,13847306454,Salesman
He Yuke,46,Male,11411011,Southwestern China,13862391062,Salesman
Yu Haonan,38,Male,12210804,Southwestern China,18620772002,Salesman
Zhang Rongchun,46,Male,11410106,Southwestern China,13876049145,Salesman
Wu Yuke,41,Male,11911319,Southwestern China,15697716653,Salesman
Evadne Patel,43,Female,11711021,Southwestern China,18968189028,Salesman
Wang Linglian,39,Female,12112312,Southwestern China,18969987402,Salesman
Fidelia Brown,46,Female,11411425,Southwestern China,13968050454,Salesman
Zou Muman,40,Female,12011005,Southwestern China,15082906238,Salesman
Vanessa Taylor,45,Female,11510803,Southwestern China,15673419018,Salesman
Pam Wright,40,Female,12011424,Southwestern China,15681418158,Salesman
Leila Smith,46,Female,11410413,Southwestern China,13844258588,Salesman
Yu Shuzhen,48,Female,11211904,Southwestern China,15002712259,Salesman
Yang Guqiu,41,Female,11911407,Southwestern China,18618885717,Salesman
Feng Runbin,46,Male,11411706,Southwestern China,18651835501,Salesman
Xu Dongqing,49,Female,11111906,Southwestern China,18906327698,Salesman
Cao Yanlei,43,Female,11711714,Southwestern China,15051467267,Salesman
Sean Jones,49,Male,11111304,Southwestern China,15079603202,Salesman
Liu Miaorui,40,Male,12011102,Southwestern China,13875091436,Salesman
Wei Shengjian,46,Male,11410003,Southwestern China,15093350281,Salesman
Camilla Smith,38,Female,12211502,Southwestern China,13888156877,Salesman
Malachi Hughes,40,Male,12011310,Southwestern China,15692037530,Salesman
Sophia Davies,41,Female,11910210,Southwestern China,13951024215,Salesman
Wei Yingtian,42,Female,11811816,Southwestern China,18950729224,Salesman
Qian Yuyang,38,Female,12210916,Southwestern China,18693379558,Salesman
Xie Linchuan,45,Male,11510010,Southwestern China,13963778907,Salesman
Saul Thompson,46,Male,11410214,Southwestern China,13815670484,Salesman
Jason Evans,44,Male,11610717,Southwestern China,13995118915,Salesman
Juliana Harris,49,Female,11110725,Southwestern China,18980805234,Salesman
Eleanor Patel,39,Female,12110225,Southwestern China,15058335384,Salesman
Qi Fanrui,44,Male,11611317,Southwestern China,15041528785,Salesman
Shui Xiangchen,44,Male,11610925,Southwestern China,15083994279,Salesman
Chu Yiqing,45,Female,11510902,Southwestern China,15056215954,Salesman
Polly Walker,39,Female,12112727,Southwestern China,15662365107,Salesman
Philemen Brown,46,Male,11410905,Southwestern China,15042197811,Salesman
Wu Yuanchun,40,Female,12010008,Southwestern China,13826019898,Salesman
Wei Ruize,41,Male,11912713,Southwestern China,18942952860,Salesman
Zou Muxue,46,Female,11410104,Southwestern China,18658582425,Salesman
Hua Siyu,49,Male,11112503,Southwestern China,13844751765,Salesman
Shi Guzhu,41,Female,11911722,Southwestern China,18968522668,Salesman
Chen Chundie,44,Female,11611410,Southwestern China,18987365407,Salesman
Evelyn Edwards,49,Female,11111115,Southwestern China,15698087021,Salesman
Chu  zixue,47,Female,11310520,Southwestern China,13884487578,Salesman
Qian Jingxiang,41,Male,11912215,Southwestern China,18906077064,Salesman
Tommy Harris,38,Male,12211603,Southwestern China,18981774268,Salesman
Crystal Walker,41,Female,11910015,Southwestern China,13975605074,Salesman
Ted White,49,Male,11112911,Southwestern China,13872798954,Salesman
Alfred Thomas,39,Male,12111227,Southwestern China,18985327914,Salesman
Qi Xiangling,46,Female,11412101,Southwestern China,15600505124,Salesman
Dou Huanqing,41,Female,11912706,Southwestern China,13977560856,Salesman
Lester Thompson,43,Male,11712125,Southwestern China,13960497825,Salesman
Frieda Thompson,41,Female,11911702,Southwestern China,18992126544,Salesman
Shi Shaohu,46,Male,11412820,Southwestern China,18665305291,Salesman
Cecil Walker,41,Male,11912404,Southwestern China,18908106812,Salesman
Tina Hall,49,Female,11112709,Southwestern China,15051134968,Salesman
Sean Jackson,45,Male,11510427,Southwestern China,18902436646,Salesman
Willy Patel,47,Male,11312304,Southwestern China,15622520990,Salesman
Han Pingtian,44,Female,11612918,Southwestern China,18683156813,Salesman
Mary Clarke,47,Female,11311921,Southwestern China,15017977858,Salesman
Dan Thomas,48,Male,11211428,Southwestern China,15698372907,Salesman
Jo Roberts,45,Female,11512308,Southwestern China,13974570937,Salesman
Marcie Davies,40,Female,12011517,Southwestern China,13853910784,Salesman
Archibald Lewis,40,Male,12010703,Southwestern China,18960333107,Salesman
Wang Zhengsong,39,Male,12112900,Southwestern China,13921608724,Salesman
Chen Chunfu,45,Female,11512413,Southwestern China,13822330958,Salesman
Isabel Clarke,43,Female,11711603,Southwestern China,18907350082,Salesman
Sally Thomas,38,Female,12212215,Southwestern China,13896412880,Salesman
Tao Chengjun,48,Male,11210724,Southwestern China,15034757254,Salesman
Han  qizhen,45,Female,11511019,Southwestern China,15084888189,Salesman
Xie Wenyan,45,Female,11512702,Southwestern China,18968451760,Salesman
Zou Panlei,47,Female,11312809,Southwestern China,15097673852,Salesman
He Chilv,38,Female,12210911,Southwestern China,18679946737,Salesman
Joan Johnson,44,Female,11612426,Southwestern China,13908204055,Salesman
Kong Youqing,45,Female,11511127,Southwestern China,15641123045,Salesman
Pius Hughes,43,Male,11710803,Southwestern China,15040270297,Salesman
Wang Shuliu,44,Female,11612805,Southwestern China,15067727199,Salesman
Steven Taylor,49,Male,11112326,Southwestern China,13838231084,Salesman
Qi Yousong,49,Female,11112919,Southwestern China,13983180228,Salesman
Shi Binggan,45,Male,11511914,Southwestern China,18976035237,Salesman
Jiang Yahe,43,Female,11710215,Southwestern China,13945549155,Salesman
Yan Xiaofeng,44,Male,11610015,Southwestern China,15690792395,Contracts Manager
He Hanan,42,Female,11810014,Southwestern China,15661971857,Contracts Manager
You Jingyun,45,Male,11511007,Southwestern China,13979841817,Contracts Manager
Hedwig Williams,38,Female,12211226,Southwestern China,15695281764,Contracts Manager
Qian Yupeng,38,Male,12210320,Southwestern China,18977785520,Contracts Manager
Christine Evans,44,Female,11611627,Southwestern China,18690580198,Contracts Manager
Julian Wilson,49,Male,11111510,Southwestern China,15071361392,Contracts Manager
Shen Zhengsong,39,Male,12112013,Southwestern China,18910613781,Contracts Manager
Craig Thompson,47,Male,11312229,Southwestern China,15002945019,Contracts Manager
Mabel Patel,44,Female,11610318,Southwestern China,13832293707,Contracts Manager
Yang Huanwen,41,Female,11910202,Southwestern China,13956409278,Contracts Manager
Sun Jiaxuan,39,Male,12110710,Southwestern China,18965536051,Contracts Manager
Yang Youling,49,Female,11111429,Southwestern China,18600332576,Contracts Manager
Sandra Williams,49,Female,11112015,Southwestern China,18603309373,Contracts Manager
Bai Muhua,49,Male,11112928,Southwestern China,13848283803,Contracts Manager
Qing Qizheng,48,Male,11210909,Southwestern China,15052254763,Contracts Manager
Gwendoline Thompson,40,Female,12011418,Southwestern China,13979659683,Contracts Manager
Sid Williams,44,Male,11611702,Southwestern China,18621832099,Contracts Manager
He Hanxiang,40,Male,12010024,Southwestern China,18652217119,Contracts Manager
Amy Thompson,44,Female,11611103,Southwestern China,15080247527,Contracts Manager
Gaston Harris,47,Male,11311624,"Hong Kong, Macao and Taiwan regions of China",15638575006,Director
Dou Youtong,44,Male,11612910,"Hong Kong, Macao and Taiwan regions of China",13924463586,Supply Staff
Christian Wright,47,Male,11311902,"Hong Kong, Macao and Taiwan regions of China",13840211082,Supply Staff
Sun Ruyu,45,Male,11511728,"Hong Kong, Macao and Taiwan regions of China",18630096502,Supply Staff
Rosalind Harris,48,Female,11212008,"Hong Kong, Macao and Taiwan regions of China",13821309686,Supply Staff
Adelina Hughes,43,Female,11712202,"Hong Kong, Macao and Taiwan regions of China",13925252488,Supply Staff
Hannah Jackson,38,Female,12212407,"Hong Kong, Macao and Taiwan regions of China",15686777514,Supply Staff
Yu Yixian,45,Male,11512521,"Hong Kong, Macao and Taiwan regions of China",18928820996,Supply Staff
Qing Shiyun,43,Female,11710319,"Hong Kong, Macao and Taiwan regions of China",18647249691,Supply Staff
Sophronia Harris,44,Female,11611721,"Hong Kong, Macao and Taiwan regions of China",18672443902,Supply Staff
Bai Xuelu,38,Female,12210516,"Hong Kong, Macao and Taiwan regions of China",13816578955,Supply Staff
Jim Johnson,43,Male,11711609,"Hong Kong, Macao and Taiwan regions of China",18908203198,Supply Staff
Zhang Chilv,44,Female,11612727,"Hong Kong, Macao and Taiwan regions of China",13830355133,Supply Staff
Jing Huaibai,46,Female,11411608,"Hong Kong, Macao and Taiwan regions of China",13834724532,Supply Staff
Shi Hongbang,42,Male,11811124,"Hong Kong, Macao and Taiwan regions of China",18947053480,Supply Staff
Paul Edwards,43,Male,11710200,"Hong Kong, Macao and Taiwan regions of China",13880541935,Supply Staff
Sun Shizhen,48,Female,11211915,"Hong Kong, Macao and Taiwan regions of China",13871926181,Supply Staff
Burt Robinson,40,Male,12010902,"Hong Kong, Macao and Taiwan regions of China",15607919844,Supply Staff
Shen Yuzhou,38,Male,12210904,"Hong Kong, Macao and Taiwan regions of China",15633087233,Supply Staff
Nora Green,40,Female,12011219,"Hong Kong, Macao and Taiwan regions of China",13832927004,Supply Staff
Wang Chumei,38,Female,12210114,"Hong Kong, Macao and Taiwan regions of China",18605924146,Supply Staff
Emlyn Clarke,43,Male,11710106,"Hong Kong, Macao and Taiwan regions of China",15608040152,Supply Staff
Wei Yanhong,49,Male,11112606,"Hong Kong, Macao and Taiwan regions of China",13880795819,Supply Staff
Patti Jones,45,Female,11512202,"Hong Kong, Macao and Taiwan regions of China",13929714055,Supply Staff
Wei Ruichen,42,Male,11810528,"Hong Kong, Macao and Taiwan regions of China",18630660033,Supply Staff
Elsa Jones,39,Female,12112300,"Hong Kong, Macao and Taiwan regions of China",13877433063,Salesman
Fiona Wilson,45,Female,11510006,"Hong Kong, Macao and Taiwan regions of China",18980108445,Salesman
Yu Miaocui,43,Female,11711122,"Hong Kong, Macao and Taiwan regions of China",15694815599,Salesman
Sadie Hughes,43,Female,11711514,"Hong Kong, Macao and Taiwan regions of China",13997748487,Salesman
Zhu Weian,48,Male,11211004,"Hong Kong, Macao and Taiwan regions of China",15694244602,Salesman
Kong Pinglv,43,Female,11711716,"Hong Kong, Macao and Taiwan regions of China",15067667014,Salesman
He Xinyue,39,Male,12110813,"Hong Kong, Macao and Taiwan regions of China",13928811240,Salesman
Han Anxuan,41,Female,11912220,"Hong Kong, Macao and Taiwan regions of China",18686914320,Salesman
Glenda Taylor,41,Female,11910811,"Hong Kong, Macao and Taiwan regions of China",15090285509,Salesman
Rick Walker,43,Male,11711310,"Hong Kong, Macao and Taiwan regions of China",13845732810,Salesman
Qing Muhao,42,Male,11812226,"Hong Kong, Macao and Taiwan regions of China",18979820269,Salesman
Joe Jackson,48,Male,11212524,"Hong Kong, Macao and Taiwan regions of China",13981892390,Salesman
Tricia Lewis,49,Female,11111113,"Hong Kong, Macao and Taiwan regions of China",15644251290,Salesman
Edward Thompson,41,Male,11912925,"Hong Kong, Macao and Taiwan regions of China",13910781606,Salesman
Yu Youcui,47,Female,11311215,"Hong Kong, Macao and Taiwan regions of China",18603731574,Salesman
Joseph Taylor,41,Male,11910916,"Hong Kong, Macao and Taiwan regions of China",13982600859,Salesman
Wei Runbin,47,Male,11311028,"Hong Kong, Macao and Taiwan regions of China",15633980855,Salesman
Jiang Lengrou,45,Female,11510629,"Hong Kong, Macao and Taiwan regions of China",15078677864,Salesman
Theo Edwards,40,Male,12010521,"Hong Kong, Macao and Taiwan regions of China",18942438052,Salesman
Leslie Evans,39,Male,12111323,"Hong Kong, Macao and Taiwan regions of China",15086706736,Salesman
Anthea Smith,43,Female,11712312,"Hong Kong, Macao and Taiwan regions of China",13822403967,Salesman
Feng Yixian,46,Male,11412106,"Hong Kong, Macao and Taiwan regions of China",13883896077,Salesman
Xu Bingzhi,40,Male,12011115,"Hong Kong, Macao and Taiwan regions of China",15666294015,Salesman
Judy Wright,45,Female,11511524,"Hong Kong, Macao and Taiwan regions of China",13872056675,Salesman
Andrew Davies,39,Male,12110203,"Hong Kong, Macao and Taiwan regions of China",18668717910,Salesman
Jasper Wright,41,Male,11911323,"Hong Kong, Macao and Taiwan regions of China",15025038804,Salesman
Chen Xiangman,44,Female,11610012,"Hong Kong, Macao and Taiwan regions of China",18950665504,Salesman
Wu Yunzhi,46,Male,11411723,"Hong Kong, Macao and Taiwan regions of China",13804242356,Salesman
Bai Rusi,48,Female,11210225,"Hong Kong, Macao and Taiwan regions of China",15080012926,Salesman
Qing Yousong,39,Female,12111607,"Hong Kong, Macao and Taiwan regions of China",18919266551,Salesman
Milton Hall,49,Male,11112316,"Hong Kong, Macao and Taiwan regions of China",15090666285,Salesman
Libby Patel,44,Female,11610606,"Hong Kong, Macao and Taiwan regions of China",18921558921,Salesman
Molly Wilson,47,Female,11310212,"Hong Kong, Macao and Taiwan regions of China",13867191407,Salesman
Zhu Hanxuan,40,Female,12012712,"Hong Kong, Macao and Taiwan regions of China",18639347903,Salesman
Frieda Johnson,39,Female,12112006,"Hong Kong, Macao and Taiwan regions of China",18936329960,Salesman
Qi Zhuyu,49,Male,11112523,"Hong Kong, Macao and Taiwan regions of China",13994163061,Salesman
Feng Yishan,48,Female,11211015,"Hong Kong, Macao and Taiwan regions of China",15050103259,Salesman
Della Johnson,39,Female,12110324,"Hong Kong, Macao and Taiwan regions of China",18988585952,Salesman
Jiang Jiaji,39,Male,12111524,"Hong Kong, Macao and Taiwan regions of China",18632801398,Salesman
Yang Feining,47,Female,11311326,"Hong Kong, Macao and Taiwan regions of China",13829954971,Salesman
Qi Yilang,38,Male,12210022,"Hong Kong, Macao and Taiwan regions of China",15042022862,Salesman
Zou Biyan,48,Female,11210406,"Hong Kong, Macao and Taiwan regions of China",15066512800,Salesman
Felix Thomas,39,Male,12112400,"Hong Kong, Macao and Taiwan regions of China",18928363418,Salesman
Zhou Yihao,46,Male,11411506,"Hong Kong, Macao and Taiwan regions of China",18699556584,Salesman
Xie Tingwei,40,Female,12012613,"Hong Kong, Macao and Taiwan regions of China",15638248700,Salesman
Wei Bingzhi,38,Male,12210821,"Hong Kong, Macao and Taiwan regions of China",13808031042,Salesman
Shen Yuming,39,Male,12111401,"Hong Kong, Macao and Taiwan regions of China",15087423983,Salesman
Charlene Wright,44,Female,11612301,"Hong Kong, Macao and Taiwan regions of China",15097750967,Salesman
Qian Linghan,39,Female,12112206,"Hong Kong, Macao and Taiwan regions of China",13829631725,Salesman
Winifred Roberts,48,Female,11211210,"Hong Kong, Macao and Taiwan regions of China",13950258526,Salesman
Zou Huasheng,46,Male,11411213,"Hong Kong, Macao and Taiwan regions of China",13890220609,Salesman
He Hanwu,44,Male,11612410,"Hong Kong, Macao and Taiwan regions of China",15601927407,Salesman
Chu Guqiu,38,Female,12211905,"Hong Kong, Macao and Taiwan regions of China",15629576611,Salesman
Lynn Brown,45,Female,11512928,"Hong Kong, Macao and Taiwan regions of China",13881429811,Salesman
Ivy Walker,48,Female,11211501,"Hong Kong, Macao and Taiwan regions of China",13833189147,Salesman
Wu Ruyu,48,Male,11211012,"Hong Kong, Macao and Taiwan regions of China",15033727825,Salesman
Tao Jiaji,48,Male,11212815,"Hong Kong, Macao and Taiwan regions of China",15691425098,Salesman
Sun Siyu,40,Male,12011500,"Hong Kong, Macao and Taiwan regions of China",18941979727,Salesman
Bud Edwards,44,Male,11611617,"Hong Kong, Macao and Taiwan regions of China",18667249231,Salesman
Otto Clarke,45,Male,11511317,"Hong Kong, Macao and Taiwan regions of China",13812729202,Salesman
Sun Tianlan,41,Female,11910725,"Hong Kong, Macao and Taiwan regions of China",18981600745,Salesman
Qing Benqing,45,Male,11511421,"Hong Kong, Macao and Taiwan regions of China",13935686416,Salesman
Xie Pingning,43,Female,11712725,"Hong Kong, Macao and Taiwan regions of China",15014021450,Salesman
Flora Taylor,39,Female,12110925,"Hong Kong, Macao and Taiwan regions of China",15017307252,Salesman
Montgomery Hughes,44,Male,11612520,"Hong Kong, Macao and Taiwan regions of China",13960406694,Salesman
Chen Ziquan,49,Male,11112317,"Hong Kong, Macao and Taiwan regions of China",18900813304,Salesman
Zhang Binzhu,43,Male,11711509,"Hong Kong, Macao and Taiwan regions of China",13993214232,Salesman
Kirk Roberts,48,Male,11211610,"Hong Kong, Macao and Taiwan regions of China",18666463748,Salesman
Wang Fanzhen,39,Female,12112609,"Hong Kong, Macao and Taiwan regions of China",15057996011,Salesman
Poll Robinson,40,Female,12011723,"Hong Kong, Macao and Taiwan regions of China",15684292691,Salesman
Shui Huaiyun,40,Female,12012601,"Hong Kong, Macao and Taiwan regions of China",13916281841,Salesman
Tracy Johnson,44,Female,11611819,"Hong Kong, Macao and Taiwan regions of China",18930364600,Salesman
Cao Ruyu,46,Male,11411127,"Hong Kong, Macao and Taiwan regions of China",18945455832,Salesman
Mike Evans,39,Male,12111028,"Hong Kong, Macao and Taiwan regions of China",15036042990,Salesman
Xu Qintao,46,Male,11412110,"Hong Kong, Macao and Taiwan regions of China",13907947978,Salesman
Jing Kaiyu,44,Male,11611500,"Hong Kong, Macao and Taiwan regions of China",18649382405,Salesman
Gerald Thompson,45,Male,11511513,"Hong Kong, Macao and Taiwan regions of China",15091767921,Salesman
Xu Yingzhi,41,Female,11911115,"Hong Kong, Macao and Taiwan regions of China",18664619638,Salesman
Jode Evans,47,Female,11311100,"Hong Kong, Macao and Taiwan regions of China",15015836603,Salesman
Shi Zhuodong,41,Male,11910007,"Hong Kong, Macao and Taiwan regions of China",15648162947,Salesman
Chen Dongyan,40,Female,12012820,"Hong Kong, Macao and Taiwan regions of China",13805440014,Contracts Manager
Kong Yishan,40,Male,12011017,"Hong Kong, Macao and Taiwan regions of China",13846951812,Contracts Manager
Tao Yihan,48,Female,11211202,"Hong Kong, Macao and Taiwan regions of China",13882601885,Contracts Manager
Jiang Tingping,40,Female,12012726,"Hong Kong, Macao and Taiwan regions of China",15640956081,Contracts Manager
Basil White,38,Male,12212123,"Hong Kong, Macao and Taiwan regions of China",18908173824,Contracts Manager
Zhou Yuyang,45,Female,11512503,"Hong Kong, Macao and Taiwan regions of China",13819826633,Contracts Manager
Yang Jingjie,49,Male,11110816,"Hong Kong, Macao and Taiwan regions of China",18695883703,Contracts Manager
Jiang Zibin,43,Male,11710012,"Hong Kong, Macao and Taiwan regions of China",15612372969,Contracts Manager
Bai Hanzhe,41,Male,11912012,"Hong Kong, Macao and Taiwan regions of China",18938086436,Contracts Manager
Mimi Jackson,41,Female,11910621,"Hong Kong, Macao and Taiwan regions of China",13938227972,Contracts Manager
Wang Jiayu,47,Male,11311904,"Hong Kong, Macao and Taiwan regions of China",15005896783,Contracts Manager
Camilla Thompson,44,Female,11611210,"Hong Kong, Macao and Taiwan regions of China",13933012299,Contracts Manager
Octavius Davies,47,Male,11310313,"Hong Kong, Macao and Taiwan regions of China",15037128173,Contracts Manager
Bonny Robinson,48,Female,11211429,"Hong Kong, Macao and Taiwan regions of China",13888867967,Contracts Manager
Gareth Thomas,47,Male,11312426,"Hong Kong, Macao and Taiwan regions of China",15064627892,Contracts Manager
Wilfred Smith,43,Male,11710004,"Hong Kong, Macao and Taiwan regions of China",18614883720,Contracts Manager
Alden Williams,47,Male,11311405,"Hong Kong, Macao and Taiwan regions of China",15624803627,Contracts Manager
Jing Yingtian,38,Female,12212927,"Hong Kong, Macao and Taiwan regions of China",15669666192,Contracts Manager
Greg Wright,39,Male,12111702,"Hong Kong, Macao and Taiwan regions of China",18980924072,Contracts Manager
Kong Xiaohuai,42,Female,11811919,"Hong Kong, Macao and Taiwan regions of China",18633961030,Contracts Manager
